SNP,Chromosome,Position,P.value
chr5.s_130289330,5,130289330,1.185471e-11
chr5.s_130287090,5,130287090,6.629649e-10
chr5.s_130299225,5,130299225,1.105191e-09
chr5.s_130288645,5,130288645,2.790054e-09
chr9.s_390261,9,390261,7.512741e-09
chr9.s_408848,9,408848,8.610163e-09
chr9.s_406799,9,406799,8.610163e-09
chr9.s_406073,9,406073,8.610163e-09
chr9.s_390153,9,390153,8.610163e-09
chr9.s_408855,9,408855,8.610163e-09
chr9.s_408785,9,408785,8.610163e-09
chr9.s_408717,9,408717,8.610163e-09
chr9.s_406818,9,406818,8.610163e-09
chr9.s_427207,9,427207,8.610163e-09
chr9.s_430872,9,430872,8.610163e-09
chr9.s_390167,9,390167,8.610163e-09
chr5.s_221207852,5,221207852,8.827281e-09
chr5.s_221207749,5,221207749,8.827281e-09
chr9.s_391945,9,391945,8.918672e-09
chr9.s_390273,9,390273,1.055077e-08
chr9.s_432174,9,432174,1.125932e-08
chr5.s_130379944,5,130379944,1.671122e-08
chr5.s_130282316,5,130282316,1.671122e-08
chr5.s_130285447,5,130285447,2.274576e-08
chr5.s_130380462,5,130380462,2.710018e-08
chr8.s_82094230,8,82094230,2.890809e-08
chr9.s_112621862,9,112621862,3.300741e-08
chr9.s_112621893,9,112621893,3.300741e-08
chr5.s_130380100,5,130380100,3.846089e-08
chr8.s_82094209,8,82094209,4.862248e-08
chr9.s_338136,9,338136,4.879191e-08
chr9.s_112621834,9,112621834,5.106569e-08
chr5.s_130289931,5,130289931,5.622385e-08
chr4.s_238988044,4,238988044,7.114381e-08
chr5.s_130299423,5,130299423,1.044435e-07
chr5.s_130299255,5,130299255,1.061396e-07
chr5.s_130285330,5,130285330,1.061396e-07
chr9.s_429148,9,429148,1.128811e-07
chr5.s_130288589,5,130288589,1.141636e-07
chr9.s_378243,9,378243,1.243189e-07
chr5.s_130289986,5,130289986,1.259045e-07
chr9.s_405907,9,405907,1.622067e-07
chr9.s_379524,9,379524,1.622067e-07
chr9.s_441151,9,441151,1.689253e-07
chr5.s_130297994,5,130297994,1.700603e-07
chr8.s_82094142,8,82094142,1.756518e-07
chr5.s_46400901,5,46400901,1.807724e-07
chr9.s_391956,9,391956,1.958805e-07
chr9.s_428966,9,428966,1.969337e-07
chr9.s_428894,9,428894,1.969337e-07
chr9.s_429096,9,429096,1.969337e-07
chr9.s_341757,9,341757,2.146909e-07
chr9.s_406886,9,406886,2.146909e-07
chr9.s_434796,9,434796,2.146909e-07
chr9.s_341193,9,341193,2.146909e-07
chr9.s_340990,9,340990,2.146909e-07
chr9.s_390067,9,390067,2.146909e-07
chr9.s_339745,9,339745,2.146909e-07
chr9.s_427146,9,427146,2.146909e-07
chr9.s_344195,9,344195,2.146909e-07
chr9.s_439152,9,439152,2.146909e-07
chr9.s_341164,9,341164,2.146909e-07
chr9.s_341821,9,341821,2.146909e-07
chr9.s_386689,9,386689,2.146909e-07
chr9.s_386762,9,386762,2.146909e-07
chr9.s_339820,9,339820,2.146909e-07
chr9.s_439544,9,439544,2.146909e-07
chr9.s_451801,9,451801,2.146909e-07
chr9.s_378305,9,378305,2.146909e-07
chr9.s_391150,9,391150,2.146909e-07
chr9.s_391028,9,391028,2.146909e-07
chr9.s_406855,9,406855,2.146909e-07
chr9.s_342257,9,342257,2.146909e-07
chr9.s_392018,9,392018,2.146909e-07
chr9.s_383973,9,383973,2.146909e-07
chr9.s_378276,9,378276,2.146909e-07
chr9.s_408861,9,408861,2.146909e-07
chr9.s_339587,9,339587,2.146909e-07
chr9.s_341244,9,341244,2.146909e-07
chr9.s_338664,9,338664,2.146909e-07
chr9.s_378235,9,378235,2.146909e-07
chr9.s_433588,9,433588,2.146909e-07
chr9.s_430256,9,430256,2.146909e-07
chr9.s_427178,9,427178,2.146909e-07
chr9.s_430292,9,430292,2.146909e-07
chr9.s_451706,9,451706,2.146909e-07
chr9.s_340075,9,340075,2.146909e-07
chr9.s_407357,9,407357,2.146909e-07
chr9.s_407380,9,407380,2.146909e-07
chr9.s_346118,9,346118,2.146909e-07
chr9.s_339622,9,339622,2.146909e-07
chr9.s_342239,9,342239,2.146909e-07
chr9.s_338914,9,338914,2.146909e-07
chr9.s_434595,9,434595,2.146909e-07
chr9.s_430453,9,430453,2.146909e-07
chr9.s_452338,9,452338,2.146909e-07
chr9.s_430427,9,430427,2.146909e-07
chr9.s_432531,9,432531,2.146909e-07
chr9.s_386706,9,386706,2.146909e-07
chr9.s_341167,9,341167,2.146909e-07
chr9.s_406811,9,406811,2.146909e-07
chr9.s_389224,9,389224,2.146909e-07
chr9.s_403067,9,403067,2.146909e-07
chr9.s_408782,9,408782,2.146909e-07
chr9.s_339758,9,339758,2.146909e-07
chr9.s_433586,9,433586,2.146909e-07
chr9.s_339863,9,339863,2.146909e-07
chr9.s_339563,9,339563,2.146909e-07
chr9.s_386629,9,386629,2.146909e-07
chr9.s_440347,9,440347,2.146909e-07
chr9.s_407048,9,407048,2.146909e-07
chr9.s_339667,9,339667,2.146909e-07
chr9.s_441523,9,441523,2.146909e-07
chr9.s_433796,9,433796,2.146909e-07
chr9.s_432620,9,432620,2.146909e-07
chr9.s_341010,9,341010,2.146909e-07
chr9.s_430881,9,430881,2.146909e-07
chr9.s_430266,9,430266,2.146909e-07
chr9.s_451813,9,451813,2.146909e-07
chr9.s_341015,9,341015,2.146909e-07
chr9.s_434765,9,434765,2.146909e-07
chr9.s_344217,9,344217,2.146909e-07
chr9.s_343643,9,343643,2.146909e-07
chr9.s_434647,9,434647,2.146909e-07
chr9.s_378220,9,378220,2.146909e-07
chr9.s_346153,9,346153,2.146909e-07
chr9.s_344928,9,344928,2.146909e-07
chr9.s_407484,9,407484,2.146909e-07
chr9.s_339821,9,339821,2.146909e-07
chr9.s_386692,9,386692,2.146909e-07
chr9.s_440727,9,440727,2.146909e-07
chr9.s_341332,9,341332,2.246127e-07
chr9.s_341336,9,341336,2.246127e-07
chr5.s_130299111,5,130299111,2.286223e-07
chr5.s_130299135,5,130299135,2.286223e-07
chr5.s_130283764,5,130283764,2.401861e-07
chr9.s_407844,9,407844,2.556489e-07
chr9.s_407864,9,407864,2.556489e-07
chr9.s_343340,9,343340,2.680723e-07
chr3.s_44878729,3,44878729,2.756057e-07
chr9.s_391727,9,391727,2.842417e-07
chr4.s_234513077,4,234513077,3.126467e-07
chr9.s_391084,9,391084,3.458078e-07
chr9.s_391086,9,391086,3.458078e-07
chr9.s_440887,9,440887,3.547149e-07
chr9.s_341551,9,341551,3.547149e-07
chr9.s_406254,9,406254,3.547149e-07
chr9.s_341542,9,341542,3.547149e-07
chr9.s_440863,9,440863,3.547149e-07
chr9.s_406211,9,406211,3.547149e-07
chr9.s_389558,9,389558,3.564545e-07
chr9.s_390051,9,390051,3.564545e-07
chr5.s_10742111,5,10742111,3.790041e-07
chr5.s_10742133,5,10742133,3.790041e-07
chr5.s_10742183,5,10742183,3.790041e-07
chr9.s_428988,9,428988,3.848556e-07
chr9.s_428852,9,428852,3.848556e-07
chr9.s_432724,9,432724,3.848556e-07
chr9.s_440271,9,440271,3.876905e-07
chr9.s_389590,9,389590,4.121505e-07
chr9.s_430467,9,430467,4.187557e-07
chr9.s_427548,9,427548,4.187557e-07
chr9.s_407871,9,407871,4.187557e-07
chr9.s_406139,9,406139,4.187557e-07
chr9.s_338722,9,338722,4.187557e-07
chr9.s_383972,9,383972,4.187557e-07
chr9.s_338791,9,338791,4.187557e-07
chr9.s_386774,9,386774,4.187557e-07
chr9.s_344031,9,344031,4.187557e-07
chr9.s_391096,9,391096,4.187557e-07
chr9.s_389457,9,389457,4.187557e-07
chr9.s_406872,9,406872,4.187557e-07
chr9.s_432591,9,432591,4.187557e-07
chr9.s_391007,9,391007,4.187557e-07
chr9.s_430345,9,430345,4.187557e-07
chr9.s_403046,9,403046,4.187557e-07
chr9.s_386636,9,386636,4.187557e-07
chr9.s_406887,9,406887,4.187557e-07
chr9.s_339066,9,339066,4.187557e-07
chr9.s_389408,9,389408,4.187557e-07
chr9.s_433706,9,433706,4.187557e-07
chr9.s_432498,9,432498,4.187557e-07
chr9.s_439902,9,439902,4.187557e-07
chr9.s_406120,9,406120,4.187557e-07
chr9.s_339650,9,339650,4.187557e-07
chr9.s_386704,9,386704,4.187557e-07
chr9.s_406392,9,406392,4.187557e-07
chr9.s_403071,9,403071,4.187557e-07
chr9.s_407265,9,407265,4.187557e-07
chr9.s_405956,9,405956,4.187557e-07
chr9.s_343439,9,343439,4.187557e-07
chr9.s_431484,9,431484,4.187557e-07
chr9.s_407275,9,407275,4.187557e-07
chr9.s_433642,9,433642,4.187557e-07
chr9.s_432396,9,432396,4.187557e-07
chr9.s_432727,9,432727,4.187557e-07
chr3.s_44892980,3,44892980,4.237957e-07
chr9.s_405901,9,405901,4.396744e-07
chr9.s_405859,9,405859,4.396744e-07
chr9.s_389230,9,389230,4.415239e-07
chr9.s_112716766,9,112716766,4.426684e-07
chr9.s_112757282,9,112757282,5.706511e-07
chr2.s_225691120,2,225691120,5.797352e-07
chr9.s_439268,9,439268,5.988691e-07
chr4.s_149634339,4,149634339,6.488807e-07
chr5.s_221207899,5,221207899,6.705044e-07
chr9.s_378421,9,378421,6.774919e-07
chr9.s_440879,9,440879,6.774919e-07
chr9.s_440838,9,440838,6.774919e-07
chr4.s_149634321,4,149634321,6.849964e-07
chr4.s_149634331,4,149634331,6.849964e-07
chr4.s_149644436,4,149644436,6.849964e-07
chr4.s_149644419,4,149644419,6.849964e-07
chr4.s_149644461,4,149644461,6.849964e-07
chr9.s_434333,9,434333,6.880856e-07
chr4.s_47982813,4,47982813,7.178113e-07
chr9.s_338170,9,338170,7.405114e-07
chr9.s_441561,9,441561,7.405114e-07
chr9.s_337407,9,337407,7.405114e-07
chr9.s_337998,9,337998,7.405114e-07
chr9.s_340334,9,340334,7.405114e-07
chr9.s_338096,9,338096,7.405114e-07
chr9.s_25612195,9,25612195,7.616628e-07
chr4.s_144364455,4,144364455,7.632458e-07
chr2.s_223369282,2,223369282,7.680384e-07
chr5.s_130288685,5,130288685,7.790482e-07
chr9.s_112715652,9,112715652,8.001264e-07
chr9.s_439015,9,439015,8.252711e-07
chr5.s_130285849,5,130285849,8.369604e-07
chr5.s_10724841,5,10724841,8.377863e-07
chr5.s_10724887,5,10724887,8.377863e-07
chr5.s_130287361,5,130287361,9.360875e-07
chr9.s_434713,9,434713,9.394061e-07
chr9.s_390001,9,390001,9.394061e-07
chr5.s_10725956,5,10725956,9.748566e-07
chr4.s_238981149,4,238981149,9.866501e-07
chr9.s_334332,9,334332,9.960512e-07
chr9.s_334368,9,334368,9.960512e-07
chr4.s_18472958,4,18472958,1.000981e-06
chr9.s_441289,9,441289,1.012676e-06
chr9.s_330086,9,330086,1.027397e-06
chr9.s_332129,9,332129,1.027397e-06
chr9.s_330026,9,330026,1.027397e-06
chr9.s_333512,9,333512,1.027397e-06
chr9.s_331143,9,331143,1.027397e-06
chr9.s_405771,9,405771,1.028848e-06
chr4.s_47981194,4,47981194,1.051183e-06
chr9.s_25612302,9,25612302,1.125277e-06
chr9.s_25612215,9,25612215,1.125277e-06
chr5.s_130300477,5,130300477,1.156148e-06
chr9.s_428777,9,428777,1.197492e-06
chr9.s_112757343,9,112757343,1.246403e-06
chr5.s_130282315,5,130282315,1.265673e-06
chr5.s_130282298,5,130282298,1.265673e-06
chr5.s_130287995,5,130287995,1.265673e-06
chr5.s_130282321,5,130282321,1.265673e-06
chr5.s_130285713,5,130285713,1.265673e-06
chr5.s_130282344,5,130282344,1.265673e-06
chr5.s_130287126,5,130287126,1.265673e-06
chr5.s_130285790,5,130285790,1.265673e-06
chr9.s_428758,9,428758,1.273110e-06
chr9.s_112715535,9,112715535,1.307792e-06
chr2.s_16395761,2,16395761,1.330808e-06
chr3.s_14233200,3,14233200,1.335571e-06
chr5.s_130286403,5,130286403,1.374634e-06
chr5.s_130281884,5,130281884,1.374634e-06
chr5.s_130297616,5,130297616,1.374634e-06
chr5.s_130380004,5,130380004,1.374634e-06
chr5.s_130285522,5,130285522,1.374634e-06
chr5.s_130281874,5,130281874,1.374634e-06
chr5.s_130281909,5,130281909,1.374634e-06
chr5.s_130380080,5,130380080,1.374634e-06
chr9.s_439560,9,439560,1.396801e-06
chr9.s_404079,9,404079,1.396801e-06
chr9.s_432201,9,432201,1.396801e-06
chr9.s_378183,9,378183,1.396801e-06
chr9.s_340158,9,340158,1.396801e-06
chr9.s_439501,9,439501,1.396801e-06
chr9.s_341277,9,341277,1.396801e-06
chr9.s_343622,9,343622,1.396801e-06
chr9.s_434115,9,434115,1.396801e-06
chr4.s_169609923,4,169609923,1.401001e-06
chr9.s_338011,9,338011,1.432423e-06
chr9.s_112716384,9,112716384,1.471955e-06
chr9.s_378485,9,378485,1.508336e-06
chr9.s_378531,9,378531,1.508336e-06
chr4.s_47990940,4,47990940,1.562159e-06
chr9.s_440180,9,440180,1.565724e-06
chr9.s_407650,9,407650,1.567585e-06
chr9.s_407666,9,407666,1.567585e-06
chr5.s_130299759,5,130299759,1.603346e-06
chr7.s_164744666,7,164744666,1.606245e-06
chr3.s_14233189,3,14233189,1.664701e-06
chr7.s_24365623,7,24365623,1.714531e-06
chr9.s_25738204,9,25738204,1.782060e-06
chr9.s_25738709,9,25738709,1.782060e-06
chr9.s_25729238,9,25729238,1.782060e-06
chr9.s_25653426,9,25653426,1.782060e-06
chr9.s_25738056,9,25738056,1.782060e-06
chr9.s_112715624,9,112715624,1.854108e-06
chr7.s_164819669,7,164819669,1.859519e-06
chr9.s_112715605,9,112715605,1.935528e-06
chr9.s_441606,9,441606,1.977620e-06
chr9.s_391825,9,391825,1.986685e-06
chr9.s_407156,9,407156,1.986685e-06
chr7.s_124482542,7,124482542,2.000840e-06
chr5.s_130300438,5,130300438,2.001950e-06
chr9.s_404186,9,404186,2.021260e-06
chr4.s_143024769,4,143024769,2.024522e-06
chr9.s_334287,9,334287,2.057243e-06
chr9.s_329786,9,329786,2.057243e-06
chr9.s_330412,9,330412,2.057243e-06
chr2.s_205435002,2,205435002,2.101118e-06
chr2.s_205434997,2,205434997,2.101118e-06
chr7.s_103374567,7,103374567,2.143319e-06
chr9.s_112715630,9,112715630,2.144789e-06
chr4.s_47883730,4,47883730,2.153231e-06
chr4.s_47956059,4,47956059,2.153231e-06
chr2.s_223328810,2,223328810,2.200817e-06
chr5.s_130298093,5,130298093,2.315764e-06
chr9.s_432273,9,432273,2.335122e-06
chr9.s_439476,9,439476,2.335122e-06
chr9.s_432266,9,432266,2.335122e-06
chr9.s_428770,9,428770,2.383388e-06
chr9.s_112612661,9,112612661,2.384626e-06
chr9.s_112612667,9,112612667,2.384626e-06
chr7.s_77837050,7,77837050,2.424881e-06
chr7.s_77837049,7,77837049,2.424881e-06
chr7.s_77837084,7,77837084,2.424881e-06
chr9.s_428828,9,428828,2.446948e-06
chr9.s_391792,9,391792,2.460128e-06
chr9.s_391885,9,391885,2.523589e-06
chr9.s_25736995,9,25736995,2.531665e-06
chr9.s_25737244,9,25737244,2.531665e-06
chr4.s_149524283,4,149524283,2.548468e-06
chr4.s_149510694,4,149510694,2.548468e-06
chr4.s_149549489,4,149549489,2.548468e-06
chr5.s_130300577,5,130300577,2.669639e-06
chr5.s_130289194,5,130289194,2.677491e-06
chr3.s_44893172,3,44893172,2.680402e-06
chr3.s_44893187,3,44893187,2.680402e-06
chr9.s_389356,9,389356,2.734741e-06
chr9.s_441613,9,441613,2.734741e-06
chr9.s_389577,9,389577,2.734741e-06
chr9.s_389571,9,389571,2.734741e-06
chr9.s_441614,9,441614,2.734741e-06
chr9.s_389342,9,389342,2.734741e-06
chr7.s_8799414,7,8799414,2.739294e-06
chr4.s_47881405,4,47881405,2.768817e-06
chr4.s_179581454,4,179581454,2.804842e-06
chr9.s_112715768,9,112715768,2.902978e-06
chr9.s_391656,9,391656,2.927841e-06
chr4.s_238981348,4,238981348,2.929565e-06
chr9.s_112622495,9,112622495,2.998502e-06
chr4.s_238985203,4,238985203,3.007395e-06
chr9.s_389422,9,389422,3.115138e-06
chr9.s_389418,9,389418,3.115138e-06
chr7.s_8800481,7,8800481,3.263274e-06
chr9.s_342953,9,342953,3.296929e-06
chr9.s_341437,9,341437,3.307105e-06
chr4.s_221507054,4,221507054,3.349726e-06
chr9.s_112757533,9,112757533,3.357432e-06
chr1.s_4595511,1,4595511,3.363086e-06
chr7.s_8798719,7,8798719,3.377578e-06
chr1.s_4595517,1,4595517,3.380818e-06
chr5.s_130282607,5,130282607,3.385028e-06
chr5.s_130288823,5,130288823,3.385028e-06
chr5.s_130282628,5,130282628,3.385028e-06
chr1.s_4595529,1,4595529,3.402768e-06
chr2.s_229217240,2,229217240,3.456244e-06
chr1.s_64452757,1,64452757,3.465818e-06
chr2.s_225870351,2,225870351,3.513765e-06
chr2.s_223449532,2,223449532,3.552460e-06
chr9.s_112715747,9,112715747,3.572721e-06
chr5.s_130288395,5,130288395,3.729316e-06
chr3.s_44880569,3,44880569,3.764281e-06
chr2.s_2044647,2,2044647,3.789350e-06
chr4.s_149554294,4,149554294,3.810055e-06
chr1.s_98333095,1,98333095,3.855185e-06
chr9.s_112715698,9,112715698,3.891971e-06
chr9.s_112715703,9,112715703,3.891971e-06
chr9.s_112715704,9,112715704,3.891971e-06
chr5.s_221092816,5,221092816,3.899665e-06
chr2.s_225691115,2,225691115,3.951922e-06
chr2.s_224804152,2,224804152,4.005472e-06
chr1.s_162876184,1,162876184,4.022002e-06
chr1.s_162876204,1,162876204,4.022002e-06
chr1.s_162876146,1,162876146,4.022002e-06
chr3.s_44813089,3,44813089,4.077145e-06
chr1.s_124331257,1,124331257,4.120859e-06
chr9.s_112622637,9,112622637,4.187518e-06
chr9.s_112622529,9,112622529,4.187518e-06
chr9.s_112622499,9,112622499,4.187518e-06
chr9.s_112622536,9,112622536,4.187518e-06
chr1.s_46678561,1,46678561,4.209274e-06
chr9.s_391784,9,391784,4.210122e-06
chr2.s_229217292,2,229217292,4.247597e-06
chr5.s_130281413,5,130281413,4.256126e-06
chr4.s_61298773,4,61298773,4.325466e-06
chr3.s_44880579,3,44880579,4.351666e-06
chr5.s_130283432,5,130283432,4.360384e-06
chr4.s_61086763,4,61086763,4.363902e-06
chr5.s_130281752,5,130281752,4.392085e-06
chr7.s_27268310,7,27268310,4.409668e-06
chr7.s_27268299,7,27268299,4.409668e-06
chr9.s_25740865,9,25740865,4.413453e-06
chr9.s_112716712,9,112716712,4.485994e-06
chr8.s_21545494,8,21545494,4.521699e-06
chr7.s_19988902,7,19988902,4.525709e-06
chr9.s_25740965,9,25740965,4.578626e-06
chr9.s_25740967,9,25740967,4.578626e-06
chr7.s_102526222,7,102526222,4.601241e-06
chr2.s_223338971,2,223338971,4.605588e-06
chr9.s_111972390,9,111972390,4.638290e-06
chr2.s_229205484,2,229205484,4.689889e-06
chr9.s_387110,9,387110,4.736288e-06
chr9.s_387916,9,387916,4.736288e-06
chr3.s_187049375,3,187049375,4.787028e-06
chr9.s_141787819,9,141787819,4.791322e-06
chr2.s_225786991,2,225786991,4.851292e-06
chr3.s_44892142,3,44892142,4.853891e-06
chr3.s_44892034,3,44892034,4.853891e-06
chr7.s_8798635,7,8798635,4.885080e-06
chr9.s_150684902,9,150684902,4.907755e-06
chr4.s_7235633,4,7235633,4.947007e-06
chr4.s_7237639,4,7237639,4.947007e-06
chr4.s_7235429,4,7235429,4.947007e-06
chr4.s_7243044,4,7243044,4.947007e-06
chr4.s_7237845,4,7237845,4.947007e-06
chr2.s_225691183,2,225691183,5.000861e-06
chr9.s_433935,9,433935,5.008951e-06
chr9.s_343961,9,343961,5.081761e-06
chr9.s_340353,9,340353,5.081761e-06
chr7.s_125457647,7,125457647,5.104056e-06
chr9.s_391772,9,391772,5.105753e-06
chr3.s_44933668,3,44933668,5.235585e-06
chr9.s_440030,9,440030,5.442047e-06
chr1.s_64444357,1,64444357,5.442087e-06
chr5.s_130281374,5,130281374,5.504807e-06
chr4.s_47978115,4,47978115,5.609743e-06
chr3.s_44892950,3,44892950,5.671650e-06
chr3.s_214204868,3,214204868,5.672957e-06
chr1.s_193811525,1,193811525,5.686893e-06
chr7.s_77729566,7,77729566,5.793587e-06
chr5.s_130287040,5,130287040,5.810006e-06
chr5.s_130379837,5,130379837,5.810006e-06
chr5.s_130287047,5,130287047,5.810006e-06
chr5.s_130287061,5,130287061,5.810006e-06
chr5.s_130287036,5,130287036,5.810006e-06
chr9.s_387944,9,387944,5.826419e-06
chr9.s_441664,9,441664,5.864318e-06
chr9.s_390280,9,390280,5.893812e-06
chr7.s_106848774,7,106848774,5.934945e-06
chr9.s_387839,9,387839,5.936492e-06
chr5.s_130288249,5,130288249,5.962518e-06
chr3.s_44892947,3,44892947,5.994952e-06
chr9.s_112622870,9,112622870,6.069372e-06
chr9.s_112622868,9,112622868,6.069372e-06
chr3.s_44892904,3,44892904,6.183451e-06
chr4.s_60653142,4,60653142,6.223411e-06
chr5.s_130297868,5,130297868,6.228674e-06
chr3.s_44880376,3,44880376,6.246778e-06
chr1.s_64455211,1,64455211,6.255913e-06
chr1.s_64455269,1,64455269,6.255913e-06
chr3.s_44933386,3,44933386,6.297502e-06
chr4.s_144353358,4,144353358,6.345036e-06
chr1.s_162280577,1,162280577,6.556927e-06
chr9.s_112622400,9,112622400,6.663061e-06
chr2.s_229204364,2,229204364,6.674199e-06
chr1.s_64465441,1,64465441,6.721902e-06
chr1.s_64449916,1,64449916,6.781367e-06
chr1.s_64473831,1,64473831,6.781367e-06
chr4.s_215776193,4,215776193,6.858963e-06
chr3.s_218229836,3,218229836,6.906204e-06
chr9.s_156641749,9,156641749,6.939618e-06
chr9.s_25251424,9,25251424,6.965501e-06
chr5.s_130299074,5,130299074,6.989012e-06
chr5.s_130299077,5,130299077,6.989012e-06
chr3.s_218244725,3,218244725,6.995912e-06
chr4.s_47977352,4,47977352,7.119919e-06
chr7.s_27266970,7,27266970,7.131118e-06
chr9.s_91914296,9,91914296,7.258308e-06
chr5.s_130379980,5,130379980,7.425348e-06
chr2.s_224804114,2,224804114,7.489253e-06
chr5.s_138106047,5,138106047,7.514527e-06
chr4.s_224242506,4,224242506,7.570588e-06
chr3.s_44878743,3,44878743,7.585051e-06
chr9.s_124477750,9,124477750,7.655317e-06
chr1.s_40358067,1,40358067,7.671465e-06
chr7.s_41004868,7,41004868,7.820593e-06
chr1.s_64444093,1,64444093,7.829000e-06
chr5.s_130284266,5,130284266,7.847241e-06
chr1.s_46678586,1,46678586,7.871732e-06
chr1.s_46678571,1,46678571,7.871732e-06
chr7.s_27268095,7,27268095,7.943113e-06
chr7.s_20086593,7,20086593,7.958624e-06
chr4.s_144400178,4,144400178,8.117557e-06
chr1.s_19329929,1,19329929,8.167437e-06
chr10.s_13330624,10,13330624,8.198043e-06
chr10.s_13323295,10,13323295,8.198043e-06
chr8.s_82066110,8,82066110,8.212541e-06
chr5.s_130287574,5,130287574,8.215052e-06
chr9.s_112757926,9,112757926,8.227005e-06
chr9.s_112758004,9,112758004,8.227005e-06
chr9.s_112758206,9,112758206,8.227005e-06
chr9.s_112758351,9,112758351,8.227005e-06
chr3.s_214204953,3,214204953,8.526097e-06
chr3.s_214204945,3,214204945,8.526097e-06
chr8.s_131070973,8,131070973,8.529705e-06
chr4.s_61630358,4,61630358,8.576240e-06
chr3.s_44881748,3,44881748,8.662645e-06
chr3.s_44881792,3,44881792,8.662645e-06
chr3.s_44892240,3,44892240,8.695200e-06
chr3.s_44892263,3,44892263,8.695200e-06
chr5.s_46224096,5,46224096,8.724541e-06
chr5.s_46224093,5,46224093,8.724541e-06
chr5.s_46224050,5,46224050,8.724541e-06
chr5.s_130298808,5,130298808,8.794363e-06
chr1.s_64442681,1,64442681,8.811141e-06
chr1.s_64439599,1,64439599,8.811141e-06
chr1.s_64443290,1,64443290,8.811141e-06
chr2.s_223072623,2,223072623,8.848309e-06
chr1.s_64440483,1,64440483,8.908358e-06
chr1.s_64444250,1,64444250,8.916933e-06
chr5.s_130286918,5,130286918,8.920862e-06
chr4.s_21535913,4,21535913,8.955031e-06
chr4.s_21539184,4,21539184,8.955031e-06
chr9.s_112622927,9,112622927,8.978877e-06
chr9.s_143017183,9,143017183,8.982427e-06
chr9.s_143017188,9,143017188,8.982427e-06
chr1.s_226867545,1,226867545,9.053585e-06
chr9.s_86946237,9,86946237,9.085611e-06
chr7.s_27266931,7,27266931,9.170670e-06
chr7.s_27268434,7,27268434,9.171040e-06
chr9.s_407653,9,407653,9.216694e-06
chr5.s_46611080,5,46611080,9.289843e-06
chr1.s_64449375,1,64449375,9.311832e-06
chr5.s_130283767,5,130283767,9.337422e-06
chr3.s_44892546,3,44892546,9.388434e-06
chr3.s_44892481,3,44892481,9.388434e-06
chr3.s_44892506,3,44892506,9.388434e-06
chr9.s_124477909,9,124477909,9.389573e-06
chr4.s_141013244,4,141013244,9.391917e-06
chr1.s_19329940,1,19329940,9.405760e-06
chr8.s_118865591,8,118865591,9.406084e-06
chr8.s_118868244,8,118868244,9.406084e-06
chr1.s_46056552,1,46056552,9.414728e-06
chr4.s_18592955,4,18592955,9.437406e-06
chr4.s_18594465,4,18594465,9.437406e-06
chr4.s_18592605,4,18592605,9.437406e-06
chr4.s_18592505,4,18592505,9.437406e-06
chr4.s_18593440,4,18593440,9.437406e-06
chr4.s_18592261,4,18592261,9.437406e-06
chr4.s_18594477,4,18594477,9.437406e-06
chr4.s_18594138,4,18594138,9.437406e-06
chr4.s_18592973,4,18592973,9.437406e-06
chr4.s_18592190,4,18592190,9.437406e-06
chr4.s_18592503,4,18592503,9.437406e-06
chr4.s_18592212,4,18592212,9.437406e-06
chr5.s_208206399,5,208206399,9.456948e-06
chr2.s_229206224,2,229206224,9.457679e-06
chr5.s_219158922,5,219158922,9.494188e-06
chr3.s_44892972,3,44892972,9.500869e-06
chr7.s_30732151,7,30732151,9.627902e-06
chr1.s_64440576,1,64440576,9.697813e-06
chr7.s_92117629,7,92117629,9.720727e-06
chr4.s_142937951,4,142937951,9.832086e-06
chr4.s_142938041,4,142938041,9.832086e-06
chr4.s_142938121,4,142938121,9.832086e-06
chr7.s_34277730,7,34277730,9.853702e-06
chr1.s_43110805,1,43110805,1.003629e-05
chr9.s_112612680,9,112612680,1.025993e-05
chr3.s_218229848,3,218229848,1.028367e-05
chr9.s_439081,9,439081,1.030207e-05
chr9.s_439030,9,439030,1.030207e-05
chr9.s_439026,9,439026,1.030207e-05
chr9.s_433316,9,433316,1.030207e-05
chr1.s_4594592,1,4594592,1.038936e-05
chr4.s_239923089,4,239923089,1.043932e-05
chr3.s_44814740,3,44814740,1.054406e-05
chr5.s_46585907,5,46585907,1.054770e-05
chr5.s_46585893,5,46585893,1.054770e-05
chr5.s_46585877,5,46585877,1.054770e-05
chr5.s_46585881,5,46585881,1.054770e-05
chr5.s_46585927,5,46585927,1.054770e-05
chr5.s_46585914,5,46585914,1.054770e-05
chr5.s_130285083,5,130285083,1.055587e-05
chr4.s_141013237,4,141013237,1.055661e-05
chr7.s_77827003,7,77827003,1.059468e-05
chr3.s_44891953,3,44891953,1.063834e-05
chr1.s_32428094,1,32428094,1.064848e-05
chr5.s_46244528,5,46244528,1.076066e-05
chr9.s_150684447,9,150684447,1.077541e-05
chr9.s_343522,9,343522,1.079231e-05
chr9.s_434149,9,434149,1.083690e-05
chr5.s_130431050,5,130431050,1.109248e-05
chr5.s_130431049,5,130431049,1.109248e-05
chr1.s_64467617,1,64467617,1.112117e-05
chr1.s_64467644,1,64467644,1.112117e-05
chr1.s_78404263,1,78404263,1.113285e-05
chr1.s_78404247,1,78404247,1.113285e-05
chr4.s_18595284,4,18595284,1.117148e-05
chr5.s_130298453,5,130298453,1.118254e-05
chr5.s_130298435,5,130298435,1.118254e-05
chr1.s_299006186,1,299006186,1.118990e-05
chr1.s_162874274,1,162874274,1.121485e-05
chr8.s_104190820,8,104190820,1.137949e-05
chr5.s_203874758,5,203874758,1.164000e-05
chr9.s_434466,9,434466,1.174249e-05
chr9.s_434513,9,434513,1.174249e-05
chr2.s_224764423,2,224764423,1.180898e-05
chr3.s_44880381,3,44880381,1.191116e-05
chr7.s_33864156,7,33864156,1.194395e-05
chr5.s_130288966,5,130288966,1.205643e-05
chr8.s_150990628,8,150990628,1.207016e-05
chr4.s_216307570,4,216307570,1.208147e-05
chr3.s_44881017,3,44881017,1.211421e-05
chr9.s_434407,9,434407,1.240346e-05
chr3.s_216773046,3,216773046,1.252094e-05
chr3.s_216773095,3,216773095,1.252094e-05
chr7.s_20087919,7,20087919,1.254399e-05
chr7.s_20087869,7,20087869,1.254399e-05
chr4.s_210821672,4,210821672,1.262422e-05
chr1.s_64441130,1,64441130,1.263716e-05
chr3.s_214480733,3,214480733,1.265869e-05
chr1.s_275936396,1,275936396,1.276229e-05
chr5.s_46607105,5,46607105,1.287449e-05
chr7.s_49641419,7,49641419,1.299223e-05
chr3.s_44879329,3,44879329,1.309552e-05
chr3.s_203931550,3,203931550,1.325897e-05
chr1.s_64464818,1,64464818,1.333334e-05
chr5.s_221208015,5,221208015,1.351161e-05
chr9.s_86946224,9,86946224,1.354056e-05
chr1.s_64451415,1,64451415,1.361359e-05
chr3.s_214204834,3,214204834,1.362166e-05
chr3.s_44933620,3,44933620,1.363456e-05
chr3.s_187049895,3,187049895,1.363517e-05
chr7.s_7456581,7,7456581,1.365813e-05
chr4.s_142939213,4,142939213,1.376696e-05
chr3.s_214204937,3,214204937,1.383111e-05
chr5.s_46072724,5,46072724,1.390286e-05
chr3.s_44881883,3,44881883,1.390831e-05
chr9.s_25655948,9,25655948,1.393307e-05
chr7.s_27244146,7,27244146,1.393602e-05
chr7.s_50649173,7,50649173,1.399018e-05
chr3.s_44881004,3,44881004,1.407990e-05
chr5.s_130278452,5,130278452,1.423922e-05
chr7.s_49955630,7,49955630,1.430853e-05
chr8.s_162833239,8,162833239,1.433743e-05
chr2.s_69907343,2,69907343,1.437519e-05
chr3.s_184744178,3,184744178,1.453719e-05
chr2.s_23747938,2,23747938,1.455397e-05
chr5.s_46401124,5,46401124,1.456734e-05
chr4.s_144339642,4,144339642,1.459576e-05
chr3.s_44876742,3,44876742,1.460540e-05
chr2.s_223339503,2,223339503,1.467700e-05
chr5.s_46224190,5,46224190,1.470377e-05
chr7.s_178726581,7,178726581,1.477888e-05
chr5.s_46075804,5,46075804,1.479945e-05
chr5.s_46585963,5,46585963,1.482933e-05
chr5.s_46585983,5,46585983,1.482933e-05
chr9.s_391577,9,391577,1.493930e-05
chr3.s_216886149,3,216886149,1.497457e-05
chr7.s_125457640,7,125457640,1.499048e-05
chr5.s_217950834,5,217950834,1.502739e-05
chr4.s_141013207,4,141013207,1.503750e-05
chr3.s_44877908,3,44877908,1.516525e-05
chr2.s_223329411,2,223329411,1.520609e-05
chr9.s_112621981,9,112621981,1.539526e-05
chr2.s_229206282,2,229206282,1.542287e-05
chr2.s_229206286,2,229206286,1.542287e-05
chr7.s_8798634,7,8798634,1.562203e-05
chr2.s_112883431,2,112883431,1.571757e-05
chr2.s_112883456,2,112883456,1.571757e-05
chr2.s_112883447,2,112883447,1.571757e-05
chr9.s_112621905,9,112621905,1.591717e-05
chr9.s_112621934,9,112621934,1.591717e-05
chr9.s_112621903,9,112621903,1.591717e-05
chr9.s_112621921,9,112621921,1.591717e-05
chr3.s_214204967,3,214204967,1.602269e-05
chr3.s_214204963,3,214204963,1.602269e-05
chr1.s_64449134,1,64449134,1.610693e-05
chr7.s_8800284,7,8800284,1.620146e-05
chr5.s_63581403,5,63581403,1.620399e-05
chr1.s_25756738,1,25756738,1.628863e-05
chr4.s_143163473,4,143163473,1.629345e-05
chr4.s_143165666,4,143165666,1.629345e-05
chr4.s_142873095,4,142873095,1.629345e-05
chr4.s_142986618,4,142986618,1.629345e-05
chr4.s_143155248,4,143155248,1.629345e-05
chr4.s_142873213,4,142873213,1.629345e-05
chr5.s_203502043,5,203502043,1.654308e-05
chr3.s_218142449,3,218142449,1.655526e-05
chr7.s_8801957,7,8801957,1.665663e-05
chr5.s_204018343,5,204018343,1.666950e-05
chr5.s_46332873,5,46332873,1.680113e-05
chr8.s_81989187,8,81989187,1.682295e-05
chr9.s_38257483,9,38257483,1.695212e-05
chr7.s_33390654,7,33390654,1.698356e-05
chr2.s_221468368,2,221468368,1.701429e-05
chr4.s_48049299,4,48049299,1.709832e-05
chr7.s_8853031,7,8853031,1.710287e-05
chr2.s_112886933,2,112886933,1.712621e-05
chr10.s_135067828,10,135067828,1.721207e-05
chr1.s_8775890,1,8775890,1.725157e-05
chr9.s_112716151,9,112716151,1.730279e-05
chr5.s_130281706,5,130281706,1.746271e-05
chr5.s_130281804,5,130281804,1.746271e-05
chr5.s_130299784,5,130299784,1.746271e-05
chr5.s_130299833,5,130299833,1.746271e-05
chr5.s_130281807,5,130281807,1.746271e-05
chr3.s_202652405,3,202652405,1.747125e-05
chr7.s_8800379,7,8800379,1.747306e-05
chr5.s_219464243,5,219464243,1.768435e-05
chr2.s_191793719,2,191793719,1.771308e-05
chr3.s_44933678,3,44933678,1.771785e-05
chr3.s_44881990,3,44881990,1.789041e-05
chr3.s_44882023,3,44882023,1.789041e-05
chr1.s_117647801,1,117647801,1.794832e-05
chr4.s_32110696,4,32110696,1.797469e-05
chr3.s_122282850,3,122282850,1.797805e-05
chr3.s_122282812,3,122282812,1.797805e-05
chr4.s_169927518,4,169927518,1.799443e-05
chr8.s_82094470,8,82094470,1.802231e-05
chr10.s_13357944,10,13357944,1.809037e-05
chr3.s_44932487,3,44932487,1.817250e-05
chr1.s_46679041,1,46679041,1.822290e-05
chr1.s_46678926,1,46678926,1.822290e-05
chr1.s_10943360,1,10943360,1.836876e-05
chr1.s_124331231,1,124331231,1.851215e-05
chr7.s_33793135,7,33793135,1.856714e-05
chr1.s_25756708,1,25756708,1.867858e-05
chr3.s_44893000,3,44893000,1.871015e-05
chr1.s_277282297,1,277282297,1.891158e-05
chr2.s_223072757,2,223072757,1.903649e-05
chr2.s_223072750,2,223072750,1.903649e-05
chr9.s_106529033,9,106529033,1.913182e-05
chr3.s_218244692,3,218244692,1.916003e-05
chr3.s_44892916,3,44892916,1.919520e-05
chr3.s_44892915,3,44892915,1.919520e-05
chr3.s_44892917,3,44892917,1.919520e-05
chr5.s_46334575,5,46334575,1.933848e-05
chr3.s_216757666,3,216757666,1.940191e-05
chr1.s_46678532,1,46678532,1.965949e-05
chr1.s_51846248,1,51846248,1.966680e-05
chr7.s_27537823,7,27537823,1.972772e-05
chr3.s_216771438,3,216771438,1.974062e-05
chr3.s_214453694,3,214453694,1.976694e-05
chr3.s_214479719,3,214479719,1.976694e-05
chr3.s_44877217,3,44877217,1.985674e-05
chr2.s_211373956,2,211373956,2.001283e-05
chr5.s_46332860,5,46332860,2.016458e-05
chr5.s_46332835,5,46332835,2.016458e-05
chr3.s_44933515,3,44933515,2.016466e-05
chr8.s_169049047,8,169049047,2.021057e-05
chr2.s_223326141,2,223326141,2.035034e-05
chr5.s_46224145,5,46224145,2.055377e-05
chr5.s_46224133,5,46224133,2.055377e-05
chr5.s_46224157,5,46224157,2.055377e-05
chr5.s_46224152,5,46224152,2.055377e-05
chr5.s_46224205,5,46224205,2.055377e-05
chr7.s_121681242,7,121681242,2.072666e-05
chr1.s_299006184,1,299006184,2.076609e-05
chr5.s_46586026,5,46586026,2.082306e-05
chr5.s_46586015,5,46586015,2.082306e-05
chr9.s_434472,9,434472,2.100464e-05
chr9.s_112272371,9,112272371,2.112154e-05
chr7.s_49238520,7,49238520,2.115662e-05
chr3.s_229581890,3,229581890,2.136351e-05
chr5.s_46612038,5,46612038,2.136489e-05
chr5.s_46607285,5,46607285,2.136489e-05
chr5.s_46612039,5,46612039,2.136489e-05
chr2.s_199786182,2,199786182,2.149486e-05
chr4.s_231582952,4,231582952,2.157785e-05
chr7.s_27254949,7,27254949,2.160345e-05
chr7.s_96422556,7,96422556,2.160658e-05
chr6.s_111486430,6,111486430,2.166638e-05
chr5.s_46070932,5,46070932,2.181949e-05
chr5.s_46070897,5,46070897,2.181949e-05
chr3.s_14222872,3,14222872,2.186225e-05
chr7.s_122251986,7,122251986,2.190992e-05
chr7.s_122241451,7,122241451,2.190992e-05
chr9.s_346776,9,346776,2.191333e-05
chr1.s_64467969,1,64467969,2.192654e-05
chr1.s_277230529,1,277230529,2.192897e-05
chr7.s_164700825,7,164700825,2.207377e-05
chr7.s_164745358,7,164745358,2.207377e-05
chr7.s_164700952,7,164700952,2.207377e-05
chr7.s_164700975,7,164700975,2.207377e-05
chr7.s_164700898,7,164700898,2.207377e-05
chr7.s_164701019,7,164701019,2.207377e-05
chr7.s_164700946,7,164700946,2.207377e-05
chr7.s_164701032,7,164701032,2.207377e-05
chr7.s_164701051,7,164701051,2.207377e-05
chr7.s_164700878,7,164700878,2.207377e-05
chr7.s_164700992,7,164700992,2.207377e-05
chr7.s_164699349,7,164699349,2.207377e-05
chr7.s_164646234,7,164646234,2.207377e-05
chr9.s_25311149,9,25311149,2.227198e-05
chr6.s_111516973,6,111516973,2.228198e-05
chr2.s_23671675,2,23671675,2.233140e-05
chr2.s_23671674,2,23671674,2.233140e-05
chr7.s_6734367,7,6734367,2.284263e-05
chr7.s_6734316,7,6734316,2.284263e-05
chr7.s_6734343,7,6734343,2.284263e-05
chr3.s_216773080,3,216773080,2.285113e-05
chr9.s_347313,9,347313,2.300057e-05
chr5.s_62269474,5,62269474,2.327792e-05
chr1.s_64451038,1,64451038,2.330145e-05
chr1.s_64451051,1,64451051,2.330145e-05
chr5.s_130287827,5,130287827,2.335002e-05
chr9.s_38351530,9,38351530,2.354840e-05
chr7.s_24367627,7,24367627,2.359226e-05
chr3.s_122304330,3,122304330,2.359821e-05
chr5.s_1059536,5,1059536,2.360773e-05
chr1.s_46668197,1,46668197,2.371316e-05
chr1.s_64479774,1,64479774,2.373978e-05
chr1.s_64479801,1,64479801,2.373978e-05
chr8.s_130368778,8,130368778,2.376821e-05
chr5.s_130283214,5,130283214,2.384011e-05
chr3.s_214205029,3,214205029,2.385061e-05
chr5.s_1656364,5,1656364,2.389026e-05
chr1.s_64452630,1,64452630,2.400822e-05
chr4.s_238988052,4,238988052,2.414336e-05
chr3.s_44877014,3,44877014,2.415470e-05
chr4.s_235476193,4,235476193,2.416396e-05
chr4.s_235476224,4,235476224,2.416396e-05
chr9.s_106565272,9,106565272,2.418606e-05
chr9.s_106565064,9,106565064,2.418606e-05
chr7.s_122433649,7,122433649,2.448711e-05
chr3.s_10866532,3,10866532,2.458848e-05
chr5.s_145808562,5,145808562,2.459652e-05
chr4.s_165706864,4,165706864,2.464457e-05
chr7.s_27255616,7,27255616,2.478338e-05
chr4.s_32131749,4,32131749,2.511351e-05
chr4.s_32131822,4,32131822,2.511351e-05
chr8.s_146313306,8,146313306,2.527005e-05
chr9.s_38345341,9,38345341,2.530820e-05
chr3.s_229582246,3,229582246,2.534487e-05
chr3.s_229582394,3,229582394,2.534487e-05
chr3.s_229582216,3,229582216,2.534487e-05
chr3.s_229582201,3,229582201,2.534487e-05
chr8.s_75518044,8,75518044,2.537147e-05
chr1.s_82555104,1,82555104,2.538369e-05
chr7.s_27267941,7,27267941,2.544652e-05
chr3.s_122326117,3,122326117,2.554357e-05
chr9.s_68173289,9,68173289,2.577698e-05
chr9.s_68244895,9,68244895,2.577698e-05
chr5.s_62259799,5,62259799,2.579047e-05
chr2.s_154629000,2,154629000,2.581039e-05
chr7.s_27243713,7,27243713,2.587746e-05
chr9.s_451967,9,451967,2.595124e-05
chr4.s_149163103,4,149163103,2.598709e-05
chr1.s_226936349,1,226936349,2.606587e-05
chr4.s_149634385,4,149634385,2.608222e-05
chr4.s_149510543,4,149510543,2.608222e-05
chr3.s_44933482,3,44933482,2.612301e-05
chr3.s_44933497,3,44933497,2.612301e-05
chr5.s_46334528,5,46334528,2.615671e-05
chr5.s_46334529,5,46334529,2.615671e-05
chr5.s_46334543,5,46334543,2.615671e-05
chr3.s_44933622,3,44933622,2.616889e-05
chr4.s_235478026,4,235478026,2.620896e-05
chr7.s_167829782,7,167829782,2.645237e-05
chr9.s_342291,9,342291,2.658022e-05
chr9.s_451981,9,451981,2.665063e-05
chr7.s_24368059,7,24368059,2.666727e-05
chr3.s_122139672,3,122139672,2.671528e-05
chr5.s_130298567,5,130298567,2.703180e-05
chr5.s_130298489,5,130298489,2.713887e-05
chr4.s_141047977,4,141047977,2.715623e-05
chr5.s_130264173,5,130264173,2.720867e-05
chr3.s_216773111,3,216773111,2.722177e-05
chr7.s_103697498,7,103697498,2.723037e-05
chr9.s_127176560,9,127176560,2.724372e-05
chr9.s_127176555,9,127176555,2.724372e-05
chr4.s_60718027,4,60718027,2.725932e-05
chr7.s_27268544,7,27268544,2.729409e-05
chr2.s_223072699,2,223072699,2.731654e-05
chr7.s_103376262,7,103376262,2.745992e-05
chr7.s_103376261,7,103376261,2.745992e-05
chr7.s_106913583,7,106913583,2.746630e-05
chr7.s_24436262,7,24436262,2.747355e-05
chr9.s_442174,9,442174,2.749188e-05
chr7.s_13622464,7,13622464,2.752895e-05
chr5.s_46270742,5,46270742,2.756628e-05
chr1.s_64457420,1,64457420,2.765123e-05
chr3.s_44881816,3,44881816,2.765124e-05
chr3.s_44881040,3,44881040,2.765124e-05
chr1.s_21996972,1,21996972,2.767536e-05
chr7.s_48610185,7,48610185,2.772332e-05
chr3.s_211086156,3,211086156,2.777056e-05
chr3.s_44892156,3,44892156,2.778904e-05
chr3.s_122138966,3,122138966,2.781567e-05
chr7.s_6734586,7,6734586,2.782019e-05
chr9.s_112716215,9,112716215,2.783610e-05
chr1.s_279976192,1,279976192,2.784031e-05
chr1.s_247335497,1,247335497,2.794687e-05
chr9.s_119342210,9,119342210,2.797905e-05
chr9.s_156642321,9,156642321,2.809684e-05
chr7.s_49625083,7,49625083,2.811726e-05
chr2.s_112883297,2,112883297,2.814454e-05
chr3.s_44881968,3,44881968,2.839341e-05
chr9.s_68200791,9,68200791,2.846266e-05
chr5.s_130281414,5,130281414,2.858399e-05
chr1.s_41116292,1,41116292,2.860545e-05
chr9.s_336665,9,336665,2.862590e-05
chr9.s_336176,9,336176,2.862590e-05
chr9.s_336109,9,336109,2.862590e-05
chr9.s_336666,9,336666,2.862590e-05
chr2.s_223109355,2,223109355,2.885098e-05
chr7.s_106847850,7,106847850,2.887071e-05
chr5.s_213831969,5,213831969,2.893825e-05
chr2.s_112828407,2,112828407,2.899854e-05
chr2.s_223330666,2,223330666,2.930785e-05
chr3.s_44933630,3,44933630,2.931200e-05
chr3.s_218244711,3,218244711,2.931254e-05
chr3.s_216776136,3,216776136,2.938005e-05
chr3.s_216773659,3,216773659,2.938005e-05
chr7.s_27267152,7,27267152,2.951539e-05
chr7.s_27268396,7,27268396,2.955474e-05
chr4.s_181723066,4,181723066,2.963262e-05
chr4.s_181723065,4,181723065,2.963262e-05
chr1.s_51846213,1,51846213,2.963473e-05
chr1.s_51846237,1,51846237,2.963473e-05
chr5.s_46613275,5,46613275,2.969582e-05
chr5.s_46613264,5,46613264,2.969582e-05
chr1.s_9883454,1,9883454,2.983573e-05
chr2.s_180879380,2,180879380,2.989355e-05
chr3.s_44877002,3,44877002,2.991557e-05
chr9.s_104190965,9,104190965,2.996759e-05
chr7.s_92118990,7,92118990,3.005697e-05
chr5.s_130288885,5,130288885,3.008707e-05
chr5.s_130288886,5,130288886,3.008707e-05
chr3.s_122282712,3,122282712,3.010397e-05
chr3.s_202652534,3,202652534,3.013232e-05
chr3.s_202652497,3,202652497,3.013232e-05
chr3.s_202652535,3,202652535,3.013232e-05
chr7.s_9491030,7,9491030,3.014575e-05
chr1.s_82563109,1,82563109,3.025231e-05
chr3.s_218193989,3,218193989,3.030632e-05
chr8.s_118867543,8,118867543,3.039331e-05
chr5.s_72871120,5,72871120,3.039460e-05
chr5.s_72871594,5,72871594,3.039460e-05
chr5.s_72871561,5,72871561,3.039460e-05
chr5.s_72871417,5,72871417,3.039460e-05
chr4.s_144261733,4,144261733,3.055484e-05
chr7.s_127505799,7,127505799,3.056790e-05
chr3.s_25760531,3,25760531,3.068214e-05
chr3.s_214493598,3,214493598,3.095102e-05
chr2.s_223072578,2,223072578,3.106148e-05
chr3.s_44892861,3,44892861,3.106832e-05
chr9.s_341412,9,341412,3.106894e-05
chr7.s_8799934,7,8799934,3.119566e-05
chr7.s_8799932,7,8799932,3.119566e-05
chr9.s_112715517,9,112715517,3.142916e-05
chr3.s_122296391,3,122296391,3.171153e-05
chr1.s_21997112,1,21997112,3.185821e-05
chr4.s_165706778,4,165706778,3.186840e-05
chr7.s_164544816,7,164544816,3.213387e-05
chr7.s_49623365,7,49623365,3.215249e-05
chr7.s_49623366,7,49623366,3.215249e-05
chr1.s_58760214,1,58760214,3.218162e-05
chr9.s_102084477,9,102084477,3.239156e-05
chr9.s_112715950,9,112715950,3.247011e-05
chr9.s_104190629,9,104190629,3.261254e-05
chr1.s_226869871,1,226869871,3.269681e-05
chr5.s_46224031,5,46224031,3.278182e-05
chr5.s_130287411,5,130287411,3.279824e-05
chr5.s_130287379,5,130287379,3.279824e-05
chr7.s_8800380,7,8800380,3.288071e-05
chr7.s_164701622,7,164701622,3.291332e-05
chr4.s_19002930,4,19002930,3.291762e-05
chr4.s_19002921,4,19002921,3.291762e-05
chr4.s_14648586,4,14648586,3.304859e-05
chr5.s_46613200,5,46613200,3.320963e-05
chr7.s_8210542,7,8210542,3.322847e-05
chr4.s_165602082,4,165602082,3.323257e-05
chr3.s_44892713,3,44892713,3.344726e-05
chr3.s_44892710,3,44892710,3.344726e-05
chr3.s_44892789,3,44892789,3.344726e-05
chr3.s_44892836,3,44892836,3.344726e-05
chr3.s_44892757,3,44892757,3.344726e-05
chr3.s_44892750,3,44892750,3.344726e-05
chr3.s_44892790,3,44892790,3.344726e-05
chr2.s_16395474,2,16395474,3.352473e-05
chr1.s_64456159,1,64456159,3.367762e-05
chr1.s_226919126,1,226919126,3.368473e-05
chr1.s_226919120,1,226919120,3.368473e-05
chr7.s_9217160,7,9217160,3.374095e-05
chr5.s_220285800,5,220285800,3.379142e-05
chr10.s_6920841,10,6920841,3.383689e-05
chr10.s_6920847,10,6920847,3.383689e-05
chr3.s_44880000,3,44880000,3.393892e-05
chr3.s_44933768,3,44933768,3.393892e-05
chr3.s_44932999,3,44932999,3.408474e-05
chr5.s_46586379,5,46586379,3.426989e-05
chr8.s_17310708,8,17310708,3.432013e-05
chr7.s_24436272,7,24436272,3.438871e-05
chr9.s_391837,9,391837,3.441072e-05
